CPA重新优化次数：,0
CG的总迭代次数：,302
计算完成的总时间：,22.641
添加的SDC总数量：,0
每次计算PSP中生成的label数量：
迭代次数：,1,2,3,4,5,6,7,8,9,10,11,12,13,14,15,16,17,18,19,20,21,22,23,24,25,26,27,28,29,30,31,32,33,34,35,36,37,38,39,40,41,42,43,44,45,46,47,48,49,50,51,52,53,54,55,56,57,58,59,60,61,62,63,64,65,66,67,68,69,70,71,72,73,74,75,76,77,78,79,80,81,82,83,84,85,86,87,88,89,90,91,92,93,94,95,96,97,98,99,100,101,102,103,104,105,106,107,108,109,110,111,112,113,114,115,116,117,118,119,120,121,122,123,124,125,126,127,128,129,130,131,132,133,134,135,136,137,138,139,140,141,142,143,144,145,146,147,148,149,150,151,152,153,154,155,156,157,158,159,160,161,162,163,164,165,166,167,168,169,170,171,172,173,174,175,176,177,178,179,180,181,182,183,184,185,186,187,188,189,190,191,192,193,194,195,196,197,198,199,200,201,202,203,204,205,206,207,208,209,210,211,212,213,214,215,216,217,218,219,220,221,222,223,224,225,226,227,228,229,230,231,232,233,234,235,236,237,238,239,240,241,242,243,244,245,246,247,248,249,250,251,252,253,254,255,256,257,258,259,260,261,262,263,264,265,266,267,268,269,270,271,272,273,274,275,276,277,278,279,280,281,282,283,284,285,286,287,288,289,290,291,292,293,294,295,296,297,298,299,300,301,302,303,304,305,306,307,308,309,310,311,312,313,314,315,316,317,318,319,320,321,322,323,324,325,326,327,328,329,330,331,332,333,334,335,336,337,338,339,340,341,342,343,344,345,346,347,348,349,350,351,352,353,354,355,356,357,358,359,360,361,362,363,364,365,366,367,368,369,370,371,372,373,374,375,376,377,378,379,380,381,382,383,384,385,386,387,388,389,390,391,392,393,394,395,396,397,398,399,400,401,402,403,404,405,406,407,408,409,410,411,412,413,414,415,416,417,418,419,420,421,422,423,424,425,426,427,428,429,430,431,432,433,434,435,436,437,438,439,440,441,442,443,444,445,446,447,448,449,450,451,452,453,454,455,456,457,458,459,460,461,462,463,464,465,466,467,468,469,470,471,472,473,474,475,476,477,478,479,480,481,482,483,484,485,486,487,488,489,490,491,492,493,494,495,496,497,498,499,500,501,502,503,504,505,506,507,508,509,510,511,512,513,514,515,516,517,518,519,520,521,522,523,524,525,526,527,528,529,530,531,532,533,534,535,536,537,538,539,540,541,542,543,544,545,546,547,548,549,550,551,552,553,554,555,556,557,558,559,560,561,562,563,564,565,566,567,568,569,570,571,572,573,574,575,576,577,578,579,580,581,582,583,584,585,586,587,588,589,590,591,592,593,594,595,596,597,598,599,600,601,602,603,604,605,606,607,608,609,610,611,612,613,614,615,616,617,618,619,620,621,622,623,624,625,626,627,628,629,630,631,632,633,634,635,636,637,638,639,640,641,642,643,644,645,646,647,648,649,650,651,652,653,654,655,656,657,658,659,660,661,662,663,664,665,666,667,668,669,670,671,672,673,674,675,676,677,678,679,680,681,682,683,684,685,686,687,688,689,690,691,692,693,694,695,696,697,698,699,700,701,702,703,704,705,706,707,708,709,710,711,712,713,714,715,716,717,718,719,720,721,722,723,724,725,726,727,728,729,730,731,732,733,734,735,736,737,738,739,740,741,742,743,744,745,746,747,748,749,750,751,752,753,754,755,756,757,758,759,760,761,762,763,764,765,766,767,768,769,770,771,772,773,774,775,776,777,778,779,780,781,782,783,784,785,786,787,788,789,790,791,792,793,794,795,796,797,798,799,800,801,802,803,804,805,806,807,808,809,810,811,812,813,814,815,816,817,818,819,820,821,822,823,824,825,826,827,828,829,830,831,832,833,834,835,836,837,838,839,840,841,842,843,844,845,846,847,848,849,850,851,852,853,854,855,856,857,858,859,860,861,862,863,864,865,866,867,868,869,870,871,872,873,874,875,876,877,878,879,880,881,882,883,884,885,886,887,888,889,890,891,892,893,894,895,896,897,898,899,900,901,902,903,904,905,906,907,908,909,910,911,912,913,914,915,916,917,918,919,920,921,922,923,924,925,926,927,928,929,930,931,932,933,934,935,936,937,938,939,940,941,942,943,944,945,946,947,948,949,950,951,952,953,954,955,956,957,958,959,960,961,962,963,964,965,966,967,968,969,970,971,972,973,974,975,976,977,978,979,980,981,982,983,984,985,986,987,988,989,990,991,992,993,994,995,996,997,998,999,1000,1001,1002,1003,1004,1005,1006,1007,1008,1009,1010,1011,1012,1013,1014,1015,1016,1017,1018,1019,1020,1021,1022,1023,1024,1025,1026,1027,1028,1029,1030,1031,1032,1033,1034,1035,1036,1037,1038,1039,1040,1041,1042,1043,1044,1045,1046,1047,1048,1049,1050,1051,1052,1053,1054,1055,1056,1057,1058,1059,1060,1061,1062,1063,1064,1065,1066,1067,1068,1069,1070,1071,1072,1073,1074,1075,1076,1077,1078,1079,1080,1081,1082,1083,1084,1085,1086,1087,1088,1089,1090,1091,1092,1093,1094,1095,1096,1097,1098,1099,1100,1101,1102,1103,1104,1105,1106,1107,1108,1109,1110,1111,1112,1113,1114,1115,1116,1117,1118,1119,1120,1121,1122,1123,1124,1125,1126,1127,1128,1129,1130,1131,1132,1133,1134,1135,1136,1137,1138,1139,1140,1141,1142,1143,1144,1145,1146,1147,1148,1149,1150,1151,1152,1153,1154,1155,1156,1157,1158,1159,1160,1161,1162,1163,1164,1165,1166,1167,1168,1169,1170,1171,1172,1173,1174,1175,1176,1177,1178,1179,1180,1181,1182,1183,1184,1185,1186,1187,1188,1189,1190,1191,1192,1193,1194,1195,1196,1197,1198,1199,1200,1201,1202,1203,1204,
数值：,1834,2074,2118,2189,390,468,542,391,919,1004,1197,980,446,449,428,409,499,523,555,531,763,864,893,767,419,551,459,429,367,421,434,316,1221,1308,1531,1148,619,884,802,656,664,647,709,626,666,649,845,507,683,693,857,797,626,889,1272,698,539,533,644,461,805,874,930,1125,406,460,421,418,632,997,1152,682,723,725,936,740,362,383,465,298,374,458,433,301,406,457,589,434,687,673,751,670,1530,1612,1779,1213,940,941,1019,1041,623,563,735,745,531,769,771,617,1050,1253,1359,1019,735,797,861,698,754,827,888,746,700,715,937,726,597,577,626,541,404,482,505,398,503,595,648,560,501,554,679,428,451,544,603,445,1567,1448,1270,1385,804,747,729,691,804,624,614,646,1334,1004,1103,1074,1123,1081,1086,870,757,608,693,710,792,734,699,684,703,878,880,844,862,817,1074,800,686,675,962,759,679,589,718,701,437,428,534,587,1054,818,938,814,1150,1637,1706,1096,925,760,810,735,706,730,905,682,1029,824,865,852,972,744,679,790,1082,982,926,1074,1477,997,960,1063,1431,1020,909,906,905,680,699,724,1066,922,841,762,1027,743,696,691,1910,1857,1761,1722,1055,1312,1437,1137,808,754,733,739,1523,1341,1360,1519,1170,991,976,974,1034,896,864,927,1688,1519,1626,1436,1255,1008,874,1130,1529,1328,1460,1457,1237,1337,1528,1403,1071,993,981,791,749,671,679,624,618,573,653,645,770,855,910,632,796,882,964,811,637,631,627,597,1121,1133,1169,1468,883,728,726,1019,596,700,662,773,1068,1010,981,914,1034,1047,920,792,859,858,907,838,1193,1077,981,1002,1170,1093,1138,1077,1107,1043,997,1169,1548,1232,1243,1341,2080,1497,1488,1583,2709,2435,2288,1934,2714,2311,2395,2755,2278,2029,2156,2155,3408,3419,3334,2217,1310,1545,1547,1086,1043,1126,1204,961,1614,1643,1732,1784,1292,1297,1152,1383,1419,1074,1062,1157,1660,1367,1441,1584,1101,1126,1071,1011,834,958,1359,822,1220,1060,1147,1119,1940,1827,1994,2002,1008,840,838,1061,1156,1079,878,1083,1243,1317,1359,1365,913,717,799,851,1278,1297,1334,1603,1023,791,825,700,1203,1426,1233,1180,945,861,819,870,1336,1314,1190,1336,1161,906,907,930,1493,1380,1297,1125,1327,1320,1432,1199,875,862,834,810,1161,1098,1129,1057,5703,5606,5572,4526,2222,2138,2367,2716,4645,4285,4268,4515,2474,1811,1653,1951,2435,1985,2233,1863,3999,2996,3051,3983,3022,3177,2725,3281,1825,1128,1012,1190,2351,1765,1726,1690,1847,1311,1088,1605,1275,986,965,1183,1584,1360,1401,1374,1291,1309,1366,1400,704,860,950,705,1952,1647,2122,1506,1010,904,1114,970,1135,1174,1357,1153,1040,1056,1166,1008,3805,3866,3996,3179,2526,2650,2559,1657,1710,1580,1607,1420,2928,2191,2597,2400,2305,2387,2323,2793,1331,1402,1335,1584,625,730,763,689,772,748,803,714,1190,925,923,852,2986,2772,2790,2595,3656,2321,2403,2861,2086,2109,1612,2184,2259,2213,1731,2397,974,895,936,993,3007,2409,2189,3014,3326,2783,2628,2883,2754,1351,1711,2064,1372,1476,1339,1175,3384,3362,3966,2905,2181,1694,1823,1808,4616,3875,3280,3447,2034,2072,1809,2609,3413,4023,3569,3657,1851,1248,1386,1406,1887,1523,1550,1942,2808,2701,2835,2470,2892,2416,2601,3399,1523,1353,1296,1529,1341,1132,1087,1314,2672,2452,2613,2582,2341,1661,1884,1786,2059,1795,1679,1838,1980,1812,1581,1846,1328,1348,1382,1355,3167,3312,3969,2926,2246,1678,1988,1760,1591,1647,1638,1477,2971,2259,2344,2232,3376,3194,2649,2539,1795,1532,1556,1736,2095,1349,1508,1217,2720,2306,2328,2891,2366,1702,1841,2951,2340,1969,1744,3088,3578,2548,2828,3019,2979,2547,3305,2260,2006,1692,1910,1658,1094,1282,1509,1202,886,914,1016,991,1015,969,898,903,1396,1469,1551,1483,1501,1390,1681,1336,4618,4292,3725,4797,1753,1736,1744,1903,3538,3029,3025,2775,3641,2946,3096,3176,2159,2146,2222,1908,1970,1767,1871,1889,1932,1518,2007,1611,1390,1355,1380,1430,4608,3153,2703,2947,2854,1951,2042,2202,2732,2499,2492,2467,3642,3252,3222,3314,1645,1430,1612,1318,1888,1578,1703,1920,1846,1907,2521,1843,3257,3105,2741,3486,1742,1694,1816,2417,2722,2195,2617,2922,3467,2578,2267,3007,3001,2836,2576,2877,2804,2094,1971,2011,1842,1679,1626,1703,1794,1520,1472,1517,1846,1537,1658,1947,2995,2560,2362,2931,2672,2362,2193,2470,2502,2122,2471,1934,3693,3111,3204,3534,3682,3518,3192,3454,2249,1766,2031,2229,2546,2129,2339,2119,3573,3115,3418,2775,2512,2009,2241,1845,2286,2062,2392,2046,2326,1901,1772,1934,1816,1558,1631,2044,1778,1762,1774,1715,1818,1512,1746,1738,3905,3104,2541,3630,2065,1841,2037,2137,1951,1857,2159,1745,3100,2539,2731,2801,2669,2318,2334,2852,3071,2985,2959,2776,2714,2322,2198,2445,3227,2971,2631,2723,2589,2827,2463,2433,2939,3044,3251,2665,3389,3651,3249,3445,3197,2798,2919,3242,2993,2534,2567,2837,2997,2733,2794,3133,3079,2615,2992,2849,2907,2559,2753,2833,2887,2863,2988,3002,3093,2922,3157,2691,2955,3010,3142,2987,3180,3026,3102,2835,3039,2626,2840,2498,3191,2728,2745,2715,3449,3258,3170,3525,3244,3116,2941,3012,3029,2720,2898,2767,2988,2791,2887,2745,2995,3008,2810,3043,3132,3244,3065,3451,3183,3080,2846,3293,3141,3036,3099,3170,3161,2877,3125,3158,2939,2535,2866,2730,3052,2972,3059,3094,2857,2638,2615,2837,2924,2686,2842,2907,2923,2811,2735,2877,3080,2824,2860,2799,3088,2838,2938,2825,3184,2959,3020,2921,3173,2904,3011,2919,3074,2826,2968,2870,3077,2812,2951,2865,3987,3886,4214,3930,4090,3569,4311,3501,3942,3803,4777,3931,4040,3914,4479,3759,4102,3927,4385,4003,3906,3643,3982,3585,3703,3712,3909,3741,4116,3847,4181,3889,3931,3878,4154,3636,3973,3870,4061,3602,3992,3808,4183,3577,4033,3809,4123,3456,4002,3598,4006,3417,3862,3743,4169,3384,4051,3673,4179,3376,3854,3608,4186,3369,3815,3605,4163,3316,3807,3606,4141,3315,4565,4460,4925,4083,4788,4592,4963,4194,4773,4452,5000,3983,4854,4470,5037,3991,4737,4359,4980,3994,5026,4366,4967,4004,4957,4412,4947,4063,4896,4437,5054,4150,4849,4426,5156,4158,4968,4584,5105,4047,4955,4552,5139,4043,4939,4561,5160,4064,4972,4547,5170,4212,4903,4457,5141,4164,4975,4532,5171,4165,4978,4526,5168,4028,5312,4689,5403,4360,5418,4718,5419,4392,
每次计算PSP的计算时间：
迭代次数：,1,2,3,4,5,6,7,8,9,10,11,12,13,14,15,16,17,18,19,20,21,22,23,24,25,26,27,28,29,30,31,32,33,34,35,36,37,38,39,40,41,42,43,44,45,46,47,48,49,50,51,52,53,54,55,56,57,58,59,60,61,62,63,64,65,66,67,68,69,70,71,72,73,74,75,76,77,78,79,80,81,82,83,84,85,86,87,88,89,90,91,92,93,94,95,96,97,98,99,100,101,102,103,104,105,106,107,108,109,110,111,112,113,114,115,116,117,118,119,120,121,122,123,124,125,126,127,128,129,130,131,132,133,134,135,136,137,138,139,140,141,142,143,144,145,146,147,148,149,150,151,152,153,154,155,156,157,158,159,160,161,162,163,164,165,166,167,168,169,170,171,172,173,174,175,176,177,178,179,180,181,182,183,184,185,186,187,188,189,190,191,192,193,194,195,196,197,198,199,200,201,202,203,204,205,206,207,208,209,210,211,212,213,214,215,216,217,218,219,220,221,222,223,224,225,226,227,228,229,230,231,232,233,234,235,236,237,238,239,240,241,242,243,244,245,246,247,248,249,250,251,252,253,254,255,256,257,258,259,260,261,262,263,264,265,266,267,268,269,270,271,272,273,274,275,276,277,278,279,280,281,282,283,284,285,286,287,288,289,290,291,292,293,294,295,296,297,298,299,300,301,302,303,304,305,306,307,308,309,310,311,312,313,314,315,316,317,318,319,320,321,322,323,324,325,326,327,328,329,330,331,332,333,334,335,336,337,338,339,340,341,342,343,344,345,346,347,348,349,350,351,352,353,354,355,356,357,358,359,360,361,362,363,364,365,366,367,368,369,370,371,372,373,374,375,376,377,378,379,380,381,382,383,384,385,386,387,388,389,390,391,392,393,394,395,396,397,398,399,400,401,402,403,404,405,406,407,408,409,410,411,412,413,414,415,416,417,418,419,420,421,422,423,424,425,426,427,428,429,430,431,432,433,434,435,436,437,438,439,440,441,442,443,444,445,446,447,448,449,450,451,452,453,454,455,456,457,458,459,460,461,462,463,464,465,466,467,468,469,470,471,472,473,474,475,476,477,478,479,480,481,482,483,484,485,486,487,488,489,490,491,492,493,494,495,496,497,498,499,500,501,502,503,504,505,506,507,508,509,510,511,512,513,514,515,516,517,518,519,520,521,522,523,524,525,526,527,528,529,530,531,532,533,534,535,536,537,538,539,540,541,542,543,544,545,546,547,548,549,550,551,552,553,554,555,556,557,558,559,560,561,562,563,564,565,566,567,568,569,570,571,572,573,574,575,576,577,578,579,580,581,582,583,584,585,586,587,588,589,590,591,592,593,594,595,596,597,598,599,600,601,602,603,604,605,606,607,608,609,610,611,612,613,614,615,616,617,618,619,620,621,622,623,624,625,626,627,628,629,630,631,632,633,634,635,636,637,638,639,640,641,642,643,644,645,646,647,648,649,650,651,652,653,654,655,656,657,658,659,660,661,662,663,664,665,666,667,668,669,670,671,672,673,674,675,676,677,678,679,680,681,682,683,684,685,686,687,688,689,690,691,692,693,694,695,696,697,698,699,700,701,702,703,704,705,706,707,708,709,710,711,712,713,714,715,716,717,718,719,720,721,722,723,724,725,726,727,728,729,730,731,732,733,734,735,736,737,738,739,740,741,742,743,744,745,746,747,748,749,750,751,752,753,754,755,756,757,758,759,760,761,762,763,764,765,766,767,768,769,770,771,772,773,774,775,776,777,778,779,780,781,782,783,784,785,786,787,788,789,790,791,792,793,794,795,796,797,798,799,800,801,802,803,804,805,806,807,808,809,810,811,812,813,814,815,816,817,818,819,820,821,822,823,824,825,826,827,828,829,830,831,832,833,834,835,836,837,838,839,840,841,842,843,844,845,846,847,848,849,850,851,852,853,854,855,856,857,858,859,860,861,862,863,864,865,866,867,868,869,870,871,872,873,874,875,876,877,878,879,880,881,882,883,884,885,886,887,888,889,890,891,892,893,894,895,896,897,898,899,900,901,902,903,904,905,906,907,908,909,910,911,912,913,914,915,916,917,918,919,920,921,922,923,924,925,926,927,928,929,930,931,932,933,934,935,936,937,938,939,940,941,942,943,944,945,946,947,948,949,950,951,952,953,954,955,956,957,958,959,960,961,962,963,964,965,966,967,968,969,970,971,972,973,974,975,976,977,978,979,980,981,982,983,984,985,986,987,988,989,990,991,992,993,994,995,996,997,998,999,1000,1001,1002,1003,1004,1005,1006,1007,1008,1009,1010,1011,1012,1013,1014,1015,1016,1017,1018,1019,1020,1021,1022,1023,1024,1025,1026,1027,1028,1029,1030,1031,1032,1033,1034,1035,1036,1037,1038,1039,1040,1041,1042,1043,1044,1045,1046,1047,1048,1049,1050,1051,1052,1053,1054,1055,1056,1057,1058,1059,1060,1061,1062,1063,1064,1065,1066,1067,1068,1069,1070,1071,1072,1073,1074,1075,1076,1077,1078,1079,1080,1081,1082,1083,1084,1085,1086,1087,1088,1089,1090,1091,1092,1093,1094,1095,1096,1097,1098,1099,1100,1101,1102,1103,1104,1105,1106,1107,1108,1109,1110,1111,1112,1113,1114,1115,1116,1117,1118,1119,1120,1121,1122,1123,1124,1125,1126,1127,1128,1129,1130,1131,1132,1133,1134,1135,1136,1137,1138,1139,1140,1141,1142,1143,1144,1145,1146,1147,1148,1149,1150,1151,1152,1153,1154,1155,1156,1157,1158,1159,1160,1161,1162,1163,1164,1165,1166,1167,1168,1169,1170,1171,1172,1173,1174,1175,1176,1177,1178,1179,1180,1181,1182,1183,1184,1185,1186,1187,1188,1189,1190,1191,1192,1193,1194,1195,1196,1197,1198,1199,1200,1201,1202,1203,1204,
数值：,0.01,0.009,0.01,0.01,0,0.001,0.002,0.001,0.002,0.002,0.003,0.003,0.001,0.001,0.001,0.001,0,0.001,0.001,0.001,0.002,0.003,0.003,0.003,0.002,0.001,0.001,0.001,0.001,0.001,0.001,0.001,0.004,0.004,0.005,0.004,0.002,0.003,0.002,0.001,0.001,0.001,0.002,0.001,0.001,0.002,0.002,0.001,0.002,0.001,0.002,0.002,0.001,0.002,0.005,0.001,0.001,0.001,0.002,0.001,0.002,0.002,0.002,0.003,0.001,0.001,0.001,0.001,0.001,0.004,0.004,0.002,0.001,0.002,0.004,0.003,0.001,0.001,0.001,0.001,0.001,0.001,0.001,0.001,0.001,0.001,0.001,0.001,0.001,0.002,0.002,0.002,0.006,0.006,0.007,0.004,0.003,0.002,0.003,0.003,0.002,0.001,0.001,0.002,0.001,0.002,0.002,0.002,0.003,0.005,0.005,0.003,0.002,0.002,0.003,0.002,0.002,0.003,0.002,0.002,0.002,0.002,0.003,0.002,0.002,0.002,0.001,0.001,0.001,0.001,0.001,0.001,0.001,0.001,0.002,0.001,0.001,0.001,0.002,0.001,0.001,0.001,0.002,0.001,0.006,0.005,0.004,0.005,0.002,0.003,0.003,0.002,0.003,0.001,0.002,0.001,0.004,0.004,0.003,0.005,0.004,0.004,0.005,0.003,0.002,0.002,0.002,0.002,0.002,0.002,0.002,0.002,0.002,0.003,0.003,0.003,0.003,0.002,0.004,0.003,0.002,0.002,0.003,0.002,0.002,0.001,0.002,0.002,0.001,0.001,0.002,0.001,0.003,0.003,0.003,0.003,0.004,0.01,0.009,0.004,0.003,0.002,0.003,0.002,0.002,0.002,0.003,0.002,0.003,0.003,0.003,0.003,0.003,0.002,0.002,0.002,0.003,0.003,0.004,0.003,0.004,0.003,0.003,0.003,0.005,0.004,0.003,0.003,0.002,0.002,0.002,0.001,0.003,0.003,0.003,0.002,0.003,0.002,0.002,0.001,0.008,0.008,0.009,0.009,0.004,0.005,0.006,0.004,0.002,0.003,0.002,0.002,0.007,0.006,0.005,0.006,0.004,0.003,0.003,0.003,0.003,0.003,0.003,0.002,0.006,0.007,0.007,0.005,0.004,0.004,0.003,0.004,0.005,0.005,0.005,0.005,0.005,0.006,0.006,0.005,0.003,0.004,0.003,0.002,0.002,0.002,0.002,0.001,0.001,0.001,0.001,0.002,0.002,0.002,0.003,0.001,0.003,0.003,0.003,0.002,0.002,0.001,0.002,0.002,0.004,0.004,0.004,0.005,0.003,0.002,0.003,0.003,0.002,0.002,0.002,0.002,0.002,0.003,0.003,0.002,0.003,0.003,0.003,0.002,0.001,0.003,0.003,0.002,0.004,0.004,0.004,0.003,0.004,0.004,0.004,0.003,0.003,0.004,0.003,0.004,0.006,0.005,0.005,0.005,0.008,0.006,0.006,0.006,0.014,0.013,0.012,0.007,0.016,0.013,0.015,0.018,0.009,0.007,0.008,0.01,0.019,0.026,0.026,0.009,0.004,0.006,0.007,0.004,0.003,0.004,0.005,0.003,0.006,0.007,0.008,0.007,0.004,0.005,0.005,0.006,0.006,0.004,0.004,0.005,0.007,0.007,0.007,0.008,0.004,0.004,0.005,0.003,0.003,0.003,0.004,0.003,0.004,0.003,0.005,0.004,0.009,0.009,0.011,0.01,0.002,0.003,0.003,0.003,0.003,0.004,0.004,0.004,0.005,0.006,0.006,0.006,0.002,0.003,0.003,0.003,0.005,0.005,0.005,0.008,0.003,0.003,0.003,0.003,0.004,0.005,0.004,0.003,0.003,0.003,0.003,0.003,0.005,0.004,0.004,0.005,0.004,0.003,0.003,0.003,0.006,0.005,0.005,0.004,0.004,0.005,0.006,0.004,0.003,0.003,0.003,0.002,0.003,0.004,0.004,0.004,0.045,0.05,0.058,0.05,0.011,0.012,0.015,0.016,0.032,0.034,0.035,0.034,0.013,0.008,0.007,0.009,0.012,0.012,0.013,0.01,0.03,0.021,0.021,0.034,0.017,0.017,0.014,0.02,0.007,0.004,0.004,0.005,0.012,0.008,0.009,0.007,0.008,0.005,0.004,0.007,0.005,0.003,0.004,0.004,0.007,0.005,0.006,0.006,0.004,0.005,0.006,0.006,0.001,0.003,0.003,0.002,0.008,0.006,0.009,0.006,0.003,0.003,0.004,0.004,0.004,0.004,0.005,0.005,0.003,0.004,0.004,0.004,0.026,0.029,0.031,0.02,0.016,0.019,0.018,0.009,0.007,0.007,0.008,0.006,0.019,0.012,0.015,0.013,0.012,0.013,0.014,0.017,0.005,0.005,0.005,0.007,0.002,0.002,0.002,0.002,0.003,0.002,0.003,0.002,0.005,0.003,0.004,0.002,0.02,0.019,0.02,0.018,0.022,0.013,0.013,0.017,0.009,0.01,0.006,0.01,0.01,0.01,0.007,0.01,0.003,0.003,0.003,0.003,0.018,0.014,0.011,0.019,0.019,0.016,0.015,0.016,0.014,0.005,0.007,0.01,0.005,0.007,0.005,0.005,0.02,0.024,0.027,0.017,0.01,0.008,0.008,0.008,0.033,0.032,0.023,0.022,0.009,0.012,0.011,0.017,0.02,0.028,0.025,0.027,0.007,0.006,0.005,0.006,0.008,0.008,0.009,0.01,0.02,0.018,0.019,0.017,0.017,0.016,0.017,0.026,0.006,0.006,0.005,0.006,0.005,0.005,0.004,0.006,0.015,0.014,0.015,0.015,0.013,0.008,0.01,0.009,0.01,0.009,0.008,0.009,0.007,0.009,0.008,0.009,0.004,0.006,0.005,0.006,0.019,0.021,0.026,0.019,0.011,0.008,0.01,0.008,0.007,0.007,0.007,0.006,0.019,0.013,0.015,0.014,0.019,0.02,0.016,0.014,0.008,0.008,0.007,0.009,0.009,0.005,0.007,0.005,0.017,0.014,0.014,0.019,0.013,0.009,0.009,0.018,0.013,0.01,0.008,0.019,0.025,0.017,0.019,0.019,0.017,0.015,0.023,0.014,0.008,0.008,0.01,0.007,0.003,0.005,0.006,0.004,0.003,0.003,0.003,0.003,0.003,0.003,0.002,0.003,0.005,0.006,0.007,0.006,0.005,0.006,0.008,0.006,0.035,0.034,0.027,0.042,0.008,0.009,0.008,0.01,0.027,0.023,0.022,0.019,0.028,0.021,0.023,0.025,0.011,0.011,0.012,0.01,0.009,0.008,0.008,0.01,0.009,0.008,0.01,0.007,0.006,0.005,0.006,0.007,0.037,0.024,0.021,0.021,0.016,0.01,0.01,0.012,0.014,0.012,0.012,0.012,0.022,0.025,0.022,0.021,0.007,0.006,0.007,0.005,0.009,0.008,0.008,0.01,0.009,0.01,0.015,0.01,0.023,0.022,0.017,0.027,0.008,0.008,0.009,0.014,0.017,0.014,0.018,0.018,0.023,0.017,0.014,0.02,0.018,0.021,0.018,0.02,0.014,0.01,0.009,0.009,0.008,0.008,0.007,0.008,0.008,0.006,0.006,0.006,0.009,0.007,0.008,0.01,0.018,0.016,0.014,0.019,0.017,0.017,0.015,0.017,0.014,0.011,0.014,0.009,0.024,0.023,0.022,0.025,0.026,0.026,0.023,0.025,0.011,0.008,0.011,0.012,0.014,0.012,0.013,0.011,0.024,0.024,0.03,0.019,0.015,0.012,0.013,0.011,0.013,0.013,0.015,0.011,0.012,0.009,0.008,0.009,0.007,0.007,0.008,0.009,0.007,0.009,0.008,0.008,0.009,0.007,0.008,0.008,0.029,0.022,0.018,0.03,0.011,0.009,0.011,0.012,0.01,0.01,0.012,0.009,0.02,0.016,0.017,0.019,0.015,0.013,0.014,0.018,0.02,0.021,0.023,0.02,0.017,0.014,0.014,0.014,0.024,0.021,0.018,0.017,0.016,0.02,0.016,0.015,0.02,0.024,0.028,0.019,0.027,0.032,0.027,0.028,0.023,0.021,0.023,0.024,0.023,0.017,0.018,0.02,0.022,0.02,0.022,0.024,0.022,0.018,0.023,0.02,0.021,0.018,0.021,0.021,0.02,0.022,0.025,0.022,0.022,0.023,0.027,0.02,0.021,0.024,0.026,0.022,0.024,0.025,0.027,0.021,0.022,0.019,0.021,0.017,0.024,0.02,0.02,0.019,0.029,0.029,0.027,0.031,0.027,0.027,0.024,0.026,0.023,0.021,0.023,0.023,0.023,0.022,0.023,0.022,0.023,0.024,0.021,0.024,0.024,0.028,0.025,0.028,0.024,0.026,0.021,0.026,0.024,0.026,0.026,0.026,0.077,0.023,0.026,0.026,0.021,0.018,0.022,0.02,0.022,0.025,0.026,0.024,0.085,0.039,0.019,0.021,0.044,0.02,0.023,0.022,0.021,0.022,0.02,0.022,0.022,0.021,0.022,0.02,0.022,0.021,0.023,0.02,0.024,0.024,0.024,0.09,0.023,0.093,0.023,0.021,0.022,0.021,0.023,0.021,0.022,0.021,0.047,0.021,0.043,0.046,0.051,0.043,0.046,0.037,0.053,0.036,0.044,0.041,0.063,0.044,0.044,0.043,0.057,0.039,0.047,0.043,0.054,0.045,0.043,0.039,0.046,0.036,0.04,0.04,0.043,0.04,0.047,0.042,0.049,0.042,0.042,0.044,0.049,0.038,0.043,0.044,0.048,0.037,0.044,0.042,0.05,0.037,0.045,0.042,0.049,0.034,0.044,0.037,0.046,0.033,0.085,0.044,0.05,0.033,0.045,0.157,0.05,0.032,0.041,0.038,0.05,0.032,0.041,0.038,0.051,0.096,0.04,0.038,0.152,0.031,0.063,0.064,0.08,0.052,0.068,0.069,0.079,0.054,0.067,0.064,0.081,0.049,0.07,0.065,0.168,0.049,0.068,0.061,0.081,0.049,0.073,0.061,0.087,0.053,0.073,0.063,0.079,0.05,0.072,0.064,0.252,0.052,0.07,0.063,0.087,0.053,0.096,0.072,0.085,0.05,0.073,0.066,0.085,0.05,0.072,0.066,0.086,0.051,0.073,0.066,0.085,0.054,0.077,0.085,0.087,0.053,0.073,0.065,0.086,0.052,0.074,0.064,0.086,0.05,0.097,0.082,0.108,0.076,0.124,0.088,0.115,0.075,
CPA框架下每次重新优化添加的SDC所在客户：
